ID,R,G,B,Saturação,Claros,Escuros,Textura,Circularidade,ehBom
0,43,40,39,26.26528662420382,0,5511,17.149566877858398,0.8206457820856524,1
1,101,98,94,18.69918699186992,0,0,21.932707574481693,0.002389795046772009,1
2,32,30,31,19.79594472426708,0,7206,16.458695482265494,0.8175052783506737,1
3,33,32,32,17.466183574879228,0,6061,18.418811653881455,0.8332467920198415,1
4,46,45,43,19.81548069644209,0,4324,22.250091616569954,0.8595287839028126,1
5,97,96,92,17.359649122807017,0,4,21.41541048157104,0.0042869568216995805,1
6,91,90,87,15.210169491525424,0,18,27.963459556751452,0.002883003718234467,1
7,102,100,96,15.472560975609756,0,0,20.044257805408034,0.0014011672596565663,1
8,34,32,32,18.217298187808897,0,5622,16.802938448501,0.8553133756121805,1
9,106,106,102,12.362264150943396,0,1,18.297815536281547,0.0035096349165150624,1
10,45,43,40,26.960812772133526,0,4585,25.184946704322755,0.8304594303308922,1
11,35,33,33,23.920510304219825,0,5515,17.239951068369525,0.8308197223607497,1
12,39,34,32,42.65287539936102,0,5586,18.4168761251829,0.7991658955617073,1
13,96,94,91,15.659400544959128,0,5,20.464605909563574,0.0016053976449067198,1
14,42,41,40,16.85356780520798,0,5215,17.556597734500325,0.8550869182703393,1
15,95,95,92,11.144329896907216,0,0,19.798184655012374,0.0027554827280202743,1
16,27,25,25,27.06237698713096,0,6271,15.03232961891658,0.8108937650542037,1
17,27,26,26,17.966346629713946,0,9597,15.4525400585959,0.8084356692483483,1
18,31,29,29,24.155028107432855,0,7542,15.911001057949187,0.8042927113394193,1
19,36,35,34,21.85684244581042,0,5592,18.104227005466512,0.7859574730463559,1
20,98,96,92,17.258160237388726,0,13,24.87754050525089,0.002861326030588404,1
21,99,94,90,22.494880546075084,0,7,22.189382982998584,0.0028710992456130267,1
22,83,80,78,16.113636363636363,0,9,20.521741477716674,0.005379262982630563,1
23,43,42,41,16.197081462475946,0,5404,16.395360202981582,0.8303957290940106,1
24,104,104,99,12.89308176100629,0,1,22.290589426099448,0.005167017471113793,1
25,27,24,25,24.670207852193997,0,8254,14.403230053178232,0.8329680623742782,1
26,101,102,98,9.36111111111111,0,0,24.7706756372889,0.0018342287167390603,1
27,29,29,29,6.544348090673969,0,6153,17.389190525356554,0.8259766415597277,1
28,34,31,31,29.918480492813142,0,4426,17.162642900273433,0.8177936015431965,1
29,36,36,36,8.314242270653827,0,5234,16.936264139377645,0.8215126881783099,1
30,35,35,34,9.181233062330623,0,5436,17.71169410576802,0.8285830301099479,1
31,36,34,34,17.95947350190509,0,5174,17.675839113561764,0.8474621223198495,1
32,98,96,93,12.931297709923664,0,3,22.104744267477667,0.0018149886897545137,1
33,33,30,30,25.21902945033981,0,7682,16.405192719743876,0.8395965664458522,1
34,38,32,31,50.72799412196914,0,6346,16.850669377341916,0.8270636660514302,1
35,33,32,32,8.131521342575702,0,5119,15.949042782424268,0.8213611571638741,1
36,79,76,74,20.696296296296296,0,43,29.76240274715653,0.003198719826122174,1
37,35,33,32,30.572876071706936,0,4713,17.817216004702335,0.8292345927343215,1
38,43,43,42,10.105117340286832,0,5391,17.3812861042272,0.8255191291586356,1
39,31,30,30,22.833552343407796,0,4236,16.79344170317485,0.8452075279639671,1
40,38,37,37,11.559641742434524,0,6753,15.75024710386218,0.8170198026043235,1
41,80,78,75,15.823863636363637,0,47,27.06693188473515,0.0029470872501780403,1
42,92,92,89,12.782051282051283,0,14,26.275478296961467,0.0043515356119350635,1
43,86,84,82,15.25418060200669,0,27,27.231219019164286,0.0026505416201940417,1
44,35,34,33,16.76966473243069,0,5818,15.78509894618053,0.8492836182934353,1
45,87,86,85,9.666666666666666,0,16,27.274454564788456,0.003574580420041374,1
46,28,27,27,17.734112611129405,0,5614,16.93809997773905,0.8341723674155918,1
47,36,36,35,10.323393077873918,0,5816,17.074965698927404,0.859901942336003,1
48,95,92,89,16.0,0,2,21.204986357222435,0.0020352705199454062,1
49,36,36,36,8.626788908765652,0,3889,19.005901956708044,0.8075052763831969,1
50,38,37,36,18.691074419717637,0,3720,19.017575516244754,0.8545712681082599,1
51,30,29,29,10.948369119816423,0,5702,17.700556239016898,0.8189672774961665,1
52,28,26,26,27.559288275129465,0,7117,16.50153932370196,0.7931709313172208,1
53,35,35,34,11.132350934643199,0,6897,15.630456701427768,0.8244638728618482,1
54,31,30,30,9.214619977408423,0,5872,15.877788278274451,0.8076297858461973,1
55,26,24,24,20.690006618133687,0,7160,16.019224489769734,0.8442809099716507,1
56,101,101,99,6.841897233201581,0,2,25.286937443431327,0.0031959566592933124,1
57,29,28,28,14.323079627351028,0,5329,18.068815034888313,0.8355156592988878,1
58,31,30,30,8.852249408050513,0,5946,16.895179021409092,0.8536404280564213,1
59,34,32,31,20.95825771324864,0,5034,18.36301232476813,0.8117097743886297,1
60,92,92,91,6.372469635627531,0,11,23.616729361865723,0.0029330812362278317,1
61,98,94,91,19.394812680115272,0,8,30.413231148463442,0.002638485604021705,1
62,36,36,35,10.779048681824522,0,6710,16.412462546502045,0.8241411066835865,1
63,36,35,35,9.401805869074492,0,6036,16.452908660240325,0.8559626758802883,1
64,28,26,26,25.814319433516914,0,5967,17.226577150181264,0.8084375342739065,1
65,61,54,48,55.916219839142094,0,2879,22.864880295467852,0.8369757838022012,1
66,89,86,82,20.626038781163434,0,36,32.98928776164101,0.0031323014794571737,1
67,44,37,35,56.623600895426925,0,4959,20.045018309286842,0.8575937577327027,1
68,82,80,78,16.52127659574468,0,35,27.155998733056737,0.0019433827816569456,1
69,33,32,31,24.020499108734402,0,5119,17.03771178286755,0.8127340713778157,1
70,93,91,89,13.27007299270073,0,19,27.927057856113212,0.0027801850785624045,1
71,93,90,87,17.970666666666666,0,14,24.45937896913075,0.0018849715565268793,1
72,32,31,29,21.719776174348404,0,6430,15.088404459059447,0.8422789049323732,1
73,83,82,79,14.533536585365853,0,42,28.167994270967473,0.003215290475647657,1
74,33,33,32,10.339257188498403,0,4720,17.625891491687568,0.7964678903772379,1
75,84,82,80,12.955696202531646,0,34,29.45325009698313,0.0017520085895112289,1
76,95,95,93,8.30379746835443,0,7,27.691620840984896,0.0036095193021434863,1
77,36,35,34,17.350255536626918,0,5351,17.811032471785442,0.8097829186858293,1
78,30,29,29,12.305673485140872,0,4882,16.891591017887887,0.8288936698684098,1
79,28,28,28,7.287012825301955,0,7650,15.009695512162713,0.823075527807227,1
80,101,102,101,5.741538461538462,0,0,22.58816781954187,0.0024832913094337845,1
81,29,28,29,10.32930165586753,0,6574,17.14682969819599,0.8500839899764818,1
82,31,30,29,26.1870514135052,0,6360,16.470565500624716,0.852559062771615,1
83,62,60,59,14.134868421052632,0,105,22.830827836626483,0.001960384662667311,1
84,29,28,27,24.998891045189907,0,6701,16.747499314973968,0.8423602210116817,1
85,31,30,30,13.701530612244898,0,5917,15.883046998125291,0.8045458118208884,1
86,33,32,32,12.761811023622048,0,5217,16.84794169101497,0.8327766602015612,1
87,40,40,40,7.683001893939394,0,3798,18.7059915446339,0.7999123916504179,1
88,54,51,47,35.237022526934375,0,2584,20.759667709457666,0.8200016601653048,1
89,27,26,26,21.906283118849355,0,6335,13.725605546171067,0.820420724627055,1
90,36,34,33,22.73448658943025,0,5796,17.09889433132066,0.8158444578205404,1
91,86,84,82,14.260450160771704,0,42,28.589448793825262,0.0020998752262293262,1
92,35,33,31,25.89827742520399,0,5134,17.152740171472765,0.8505499217384118,1
93,78,76,73,17.779467680608366,0,27,25.467838988956732,0.0019206098434171165,1
94,94,94,92,9.59620596205962,0,13,27.643795856003,0.002265466246104176,1
95,25,25,25,9.821625994337333,0,7118,14.588510759424594,0.8206452394512359,1
96,32,31,31,8.326891311529566,0,5667,17.682235515539055,0.8487695921732993,1
97,37,35,35,18.31570030120482,0,4732,17.715650735592014,0.8339686541793175,1
98,90,88,84,17.152737752161382,0,39,29.915746505450915,0.002000000397653313,1
99,28,27,27,13.58834008097166,0,5856,15.966595832076488,0.7970303678965149,1
100,44,39,37,41.05036344755971,0,3001,20.381624684395863,0.7948163874256754,1
101,79,78,77,11.046822742474916,0,44,30.837788244131428,0.0029372086666061494,1
102,31,30,29,17.613299000302938,0,6237,15.495524530681433,0.8226752366758553,1
103,82,81,79,13.145522388059701,0,28,29.727267935340645,0.0022306853584295075,1
104,33,32,31,14.733956062964886,0,5382,17.535524804529647,0.8801349718124573,1
105,67,66,65,16.153284671532848,0,95,36.97207180361913,0.0023335111439558008,1
106,93,92,89,12.716012084592146,0,40,36.38349376415774,0.002646628251724279,1
107,41,40,40,11.526400862068966,0,4785,18.06758407877541,0.8366942680450445,1
108,32,32,31,11.052101646156306,0,5903,16.151557155581298,0.8088193636734975,1
109,65,62,59,30.08675799086758,0,69,26.998113756531684,0.0031735006390175213,1
110,94,92,89,15.25,0,12,26.04428885903809,0.003037695316288709,1
111,86,85,83,10.77445652173913,0,43,31.627904869502657,0.00200590486423393,1
112,89,88,85,10.94047619047619,0,33,32.63281749870449,0.0027900471769568974,1
113,86,84,82,13.783783783783784,0,30,30.230569143404455,0.0026793448233766995,1
114,34,33,31,19.829671011793916,0,7571,16.01560399848981,0.8235481398895096,1
115,39,38,38,12.251541095890412,0,5371,16.289125192889703,0.8628406907236772,1
116,41,39,38,20.732594644506,0,4777,18.965436251066745,0.7986524726620163,1
117,92,89,86,16.61849710982659,0,12,24.152629819843792,0.0033736661242494896,1
118,32,31,31,10.495959749961884,0,6181,16.79427465277541,0.8112456502096778,1
119,103,100,97,17.853211009174313,0,13,33.55031697380831,0.0033533582810555476,1
120,37,36,35,15.886647050581477,0,6509,17.139068689820114,0.8353642220963974,1
121,98,96,93,18.18354430379747,0,8,24.61940791233969,0.0021813182200486423,1
122,40,39,37,23.700033255736614,0,5131,18.208358410528128,0.8260079800359204,1
123,38,36,35,21.434569732937685,0,5958,17.968020166368603,0.8404585032754757,1
124,40,38,36,24.18631492168178,0,6591,15.011832719001816,0.8107522137792041,1
125,39,38,37,19.662370370370372,0,6156,14.72127076655298,0.8539374220139965,1
126,39,38,36,22.38871292830406,0,6087,15.714007335262394,0.8454909837335064,1
127,68,65,63,20.333333333333332,0,38,23.288355459327736,0.006776278632293154,1
128,99,97,93,19.013377926421406,0,7,28.0326396071762,0.0035018253762238386,1
129,42,41,40,10.47534516765286,0,5605,17.62267032168497,0.8499020313325119,1
130,40,39,38,15.418563922942207,0,5205,18.575555995567708,0.7995282186260566,1
131,64,61,60,24.132450331125828,0,49,29.479308064551624,0.0054997773927021616,1
132,80,80,78,15.351063829787234,0,42,41.88805538599183,0.004102097231424678,1
133,98,97,93,14.371681415929203,0,27,35.227184371680394,0.002297112423093229,1
134,101,100,97,16.180790960451976,0,10,31.07935537036057,0.0037533831408756565,1
135,97,96,92,15.849840255591054,0,11,30.306488660139504,0.0018870236220587893,1
136,109,104,100,23.947712418300654,0,4,30.642313133639508,0.001984021548585635,1
137,41,40,38,20.05630165289256,0,5100,17.96283923968557,0.7197950475620059,1
138,81,80,77,16.791411042944784,0,38,27.375474668878,0.0023641206598351257,1
139,39,38,36,19.775230602278892,0,6182,18.573848452335064,0.8522596323848284,1
140,101,99,96,14.207142857142857,0,1,22.335137504545138,0.002318621720484334,1
141,42,41,39,24.185317177476836,0,5024,18.37639403179821,0.8210607894608365,1
142,32,31,30,19.236653049725312,0,6710,16.634756605308336,0.7249683730086108,1
143,40,38,37,21.4907034397273,0,5974,17.677778481933217,0.7947376924456303,1
144,35,33,33,18.46329966329966,0,5535,18.32701840640097,0.8581145976681263,1
145,43,42,40,20.266804856381405,0,5842,17.31453201609524,0.8043756855973009,1
146,35,33,34,17.741532199447594,0,6416,17.57836190985204,0.8326179159371963,1
147,65,64,61,19.671755725190838,0,42,27.79747697405623,0.006044050067351583,1
148,101,100,96,15.459627329192546,0,1,23.428823365328984,0.004397638138788103,1
149,36,34,34,16.888040712468193,0,4683,19.378697543803774,0.8433436216440803,1
150,104,104,99,16.45662100456621,0,7,30.883247624578566,0.0026013571721925127,1
151,34,33,33,14.03130677847659,0,6731,16.240636087887502,0.8387089535686756,1
152,37,36,35,20.737547892720308,0,7077,18.418670548173314,0.846615842215228,1
153,96,94,90,20.222535211267605,0,21,31.2629223748134,0.0025488101390328836,1
154,99,99,95,15.193548387096774,0,33,38.788796110814246,0.0025355182324548315,1
155,55,53,49,32.00403280010754,0,2911,18.945982768217753,0.8114656972633958,1
156,38,35,33,31.415689810640217,0,4975,19.815190931530626,0.820388283888418,1
157,120,110,106,30.544401544401545,0,1,21.955232398962696,0.003094142873120824,1
158,105,101,95,24.12,0,0,22.64230736564268,0.0020359236928654367,1
159,111,108,103,19.389776357827476,0,0,21.56259926124303,0.002493116606191182,1
160,89,86,83,19.22089552238806,0,44,34.0237761009099,0.0030874204323358126,1
161,96,93,91,16.28034682080925,0,7,23.896115254032832,0.0023939901084850555,1
162,34,32,32,21.900326264274064,0,5633,18.04177699625596,0.8371341814811222,1
163,30,27,27,35.04901336728199,0,4441,15.362689901758936,0.869029580149077,1
164,79,77,74,17.929906542056074,0,14,21.12098926281511,0.002949215472472229,1
165,40,38,37,24.550632911392405,0,4063,17.739412945146647,0.8221147040097933,1
166,33,31,32,21.315357036151777,0,6245,15.83844060915213,0.8393041768836181,1
167,35,32,32,26.295684523809523,0,6177,17.82943444528987,0.8433663324553696,1
168,44,41,39,25.91870824053452,0,5518,16.805602510305274,0.8399918533740109,1
169,30,28,29,22.746976448122215,0,5845,17.744821201891305,0.7961444282708667,1
170,84,80,79,18.338557993730408,0,41,27.83785018018199,0.003004962891433964,1
171,92,88,86,19.827205882352942,0,4,22.643522630244647,0.002808191840670509,1
172,34,32,33,18.49920760697306,0,4605,18.693084892608574,0.8279967908565563,1
173,33,32,32,19.99496090356212,0,5303,18.016039183490356,0.844611747291909,1
174,108,105,102,17.5828025477707,0,0,26.459993438947784,0.003200667336151505,1
175,41,38,36,33.97097270280661,0,4511,19.802449775321943,0.8277344828468663,1
176,35,32,32,21.897304914567552,0,5216,17.324400504764704,0.8355598439149543,1
177,95,93,89,16.503731343283583,0,6,22.454197086686317,0.002274414165936447,1
178,80,78,77,16.616129032258065,0,54,28.367666370665347,0.0025091856495003213,1
179,102,99,96,16.587755102040816,0,0,21.00665133356328,0.002734328946716461,1
180,31,29,29,17.429190967548976,0,6238,16.858728496306515,0.8209488906286859,1
181,76,73,72,18.023952095808383,0,55,27.072054298110164,0.002311961170283209,1
182,30,28,28,20.761759511960186,0,5858,16.24193278741576,0.8324609025662605,1
183,32,29,30,24.945462984451147,0,3970,18.20224546537743,0.8286821747920183,1
184,27,25,26,24.77652834969908,0,5963,15.75715574480192,0.8178107586281174,1
185,81,78,75,29.035971223021583,0,49,35.55355741487413,0.0018159098473849529,1
186,32,30,30,23.973643410852713,0,5361,17.366977053387775,0.8258824749151855,1
187,111,110,105,15.886206896551725,0,0,26.26154103352296,0.0032434291936793013,1
188,31,29,30,21.1013094417643,0,5414,17.193708506318266,0.813477713304765,1
189,28,27,27,15.756238587948873,0,6220,14.682790158500227,0.8549873992531454,1
190,100,98,93,19.140065146579804,0,7,21.68764132512037,0.002550053334847002,1
191,31,29,29,23.2525,0,5208,16.98338167330713,0.8564259121143812,1
192,35,31,31,34.59552443294261,0,6061,19.381484509629257,0.8082577362487878,1
193,99,95,94,14.547231270358306,0,5,23.73397866466072,0.003629761210759899,1
194,31,29,30,15.981659094733299,0,5532,17.893442060961398,0.8422742777271691,1
195,36,34,34,19.106591865357643,0,5246,18.658128007029973,0.854544172126537,1
196,31,29,30,21.249255369180123,0,6003,15.917229203917538,0.8154111069141958,1
197,29,27,28,21.29430922180322,0,5483,16.83263102535472,0.8195461657216991,1
198,33,31,30,26.17219798975915,0,4813,18.860502385686924,0.8277006335197095,1
199,86,84,82,14.243445692883896,0,32,27.942968592309388,0.0031487648144344097,1
200,87,84,81,17.99126637554585,0,17,22.028639538925866,0.0032577599695206576,1
201,37,36,35,22.315915363385464,0,4799,17.69533621489446,0.8526453941082975,1
202,33,31,32,19.02010460934946,0,5644,18.4116443716325,0.8258104061315485,1
203,87,84,82,14.87593984962406,0,16,22.77359861885691,0.0018700362663819606,1
204,101,99,96,13.545150501672241,0,2,26.26410395509895,0.002465143402004719,1
205,79,76,75,18.936802973977695,0,42,26.58548567942334,0.002097362177317534,1
206,29,27,28,20.261149573337626,0,5823,16.752064550595602,0.8383773816770625,1
207,83,81,80,12.12094395280236,0,54,28.788649653694176,0.0030673220271470254,1
208,92,90,86,17.32377049180328,0,7,22.96332943609545,0.0021992831095221516,1
209,93,88,85,22.845588235294116,0,12,23.48174284358634,0.0024712872831376695,1
210,74,72,71,12.76,0,21,22.03677834893295,0.006558931100839917,1
211,92,92,89,10.95,0,29,30.153560853452404,0.0031307834775690683,1
212,30,28,28,17.686235267956416,0,4204,19.212094680525798,0.8524354678100082,1
213,34,32,32,23.703258339798293,0,4769,18.722809834146247,0.8351197093523666,1
214,98,94,91,17.658536585365855,0,12,27.703961839769534,0.0025484980163922952,1
215,31,29,29,15.298659003831418,0,4904,16.840601462784452,0.8246971968993823,1
216,35,33,33,21.227738556137552,0,4031,19.619260372657866,0.8069315719814683,1
217,98,96,94,13.363636363636363,0,8,26.859540135165357,0.002030259443229229,1
218,33,31,31,21.66714886901631,0,7075,16.730729866595663,0.8199297262554571,1
219,94,92,89,13.954983922829582,0,12,25.259414619149837,0.0030549391234136612,1
220,29,28,29,10.798942673054684,0,5727,15.865456652372158,0.812619768038564,1
221,32,30,31,19.58602810751808,0,6895,16.95131756660188,0.823313780960775,1
222,31,30,30,8.82656,0,5887,17.451839959660415,0.822059440311621,1
223,89,87,85,12.286274509803922,0,11,25.099719919215595,0.0024282174705403414,1
224,91,89,89,9.469465648854962,0,19,28.921537810749562,0.00255927848278219,1
225,77,76,74,14.794871794871796,0,43,27.123528781777704,0.002483963040757478,1
226,88,87,84,12.849557522123893,0,13,27.252820170041343,0.0037019829749159105,1
227,80,78,77,12.295918367346939,0,54,30.045713278102255,0.002484343247991648,1
228,27,25,26,18.835996382273137,0,6292,16.303150874765112,0.8352595653985199,1
229,90,89,87,11.801948051948052,0,23,27.086039106982316,0.002576827694336678,1
230,35,34,33,14.730393752033843,0,5748,16.639690319952013,0.8327131515798433,1
231,41,39,38,23.690787087413856,0,4842,26.408238052801593,0.805610196336393,1
232,94,89,86,20.6045197740113,0,19,30.5183913575153,0.006073268209839195,1
233,82,81,79,11.188461538461539,0,19,26.352472852538657,0.0019509555680719086,1
234,102,99,96,15.215613382899628,0,10,31.155864809001756,0.0037267716321887994,1
235,25,24,25,11.751665926254997,0,6439,14.49070750210167,0.852838335881575,1
236,40,39,36,28.17153284671533,0,2548,24.54469709031111,0.8361066386495416,1
237,30,28,28,16.068627450980394,0,4677,19.160733228582192,0.8207915618591975,1
238,85,84,82,11.19548872180451,0,33,28.091945214706442,0.002154281670603849,1
239,35,33,33,17.53969526864475,0,5797,17.449933726153485,0.8245049822646034,1
240,27,26,26,16.851052538475145,0,5338,17.469162808504862,0.831430108296037,1
241,27,26,27,12.126211546565528,0,4446,18.332658382382625,0.8382855862013859,1
242,34,33,33,19.91286307053942,0,4900,18.08188156135209,0.8508054240094103,1
243,32,30,31,13.888688410825816,0,6841,15.40175490901621,0.826029719622528,1
244,35,33,33,14.968427207172091,0,4690,17.518364916948386,0.8202193605433747,1
245,39,37,35,24.707883817427387,0,4351,18.670105455460458,0.8329721224930307,1
246,31,29,30,22.083496732026145,0,5701,18.7523399539513,0.8151144035425605,1
247,30,28,28,18.526603773584906,0,4961,19.159942686187375,0.810350034992627,1
248,32,30,31,15.113384351085429,0,6042,16.838126757174486,0.8134698276160743,1
249,37,35,35,18.66336822074215,0,4853,18.264875157663095,0.8419144868634938,1
250,94,92,90,11.89344262295082,0,7,26.50954855024023,0.00249440143589643,1
251,29,28,28,5.148216939078752,0,5057,18.196657909036038,0.8350820290704314,1
252,36,35,35,17.17005032101336,0,5333,18.116342831014173,0.8179910545676281,1
253,42,41,39,21.4247491638796,0,3795,17.966282651039105,0.851068368445084,1
254,89,86,82,21.64566929133858,0,20,27.02321279951849,0.0031770577827413774,1
255,30,29,29,11.2935803095661,0,3603,20.49275710705009,0.7762649412289357,1
256,93,91,88,14.611464968152866,0,23,27.881500463134763,0.0018580884600204416,1
257,93,91,89,11.308196721311475,0,18,28.2714841856536,0.002506281219712736,1
258,33,31,31,14.342614355451094,0,5140,18.322498074690262,0.827542238717672,1
259,27,26,26,9.984481971702419,0,6235,14.910557962556831,0.8132662053215971,1
260,40,38,37,24.60580389329488,0,4747,19.135322887457303,0.7985091213943649,1
261,38,37,35,21.02698535080956,0,5365,16.126711466808082,0.8163727297078157,1
262,35,34,33,19.917238001958864,0,5710,18.125675738456525,0.8314692353459986,1
263,31,28,28,31.05505485893417,0,4773,16.20571364594668,0.7958167357606648,1
264,33,31,31,21.730486309767063,0,4561,18.09168260563918,0.8194996111028201,1
265,29,28,28,14.018305191731104,0,5979,17.357132438887245,0.7750501726774891,1
266,28,27,27,7.186808449489869,0,6580,15.971641250974276,0.8159473522565253,1
267,35,34,34,13.791702829369902,0,5240,17.43422185043639,0.8126214606850515,1
268,35,34,34,15.395574416489845,0,6168,15.254351388449727,0.8171372564006543,1
269,81,80,78,11.083333333333334,0,49,27.27427532812845,0.002628957180330759,1
270,31,30,30,19.388194334546604,0,6003,16.31487545089753,0.8216601893930172,1
271,23,23,23,12.565934065934066,0,7399,13.3792358505282,0.8301844304061939,1
272,34,32,32,23.842257979424954,0,3475,20.693818138477997,0.8352244739962382,1
273,31,30,30,16.08005336891261,0,5707,15.427529891968005,0.828323282379586,1
274,31,29,30,19.952352501867065,0,6257,18.253755795771838,0.8337852549309526,1
275,28,26,27,12.809231253938249,0,5983,17.587531719804485,0.8137779527817486,1
276,29,28,28,11.262904468412943,0,4864,17.686459822367752,0.8396915829308457,1
277,27,26,26,7.158891867739053,0,5285,16.65097230667338,0.8539645187511641,1
278,36,35,35,13.236716565224544,0,5677,15.406343674930172,0.8526181850001386,1
279,27,26,26,13.442719881744273,0,5116,15.95720081973336,0.8302459937663355,1
280,45,43,41,22.944420002932983,0,6053,17.6776546666372,0.8319224557256945,1
281,40,39,38,20.842751273737843,0,3638,20.016223582794186,0.7999956047010233,1
282,93,91,89,12.076190476190476,0,4,24.895137901937048,0.003169356834420982,1
283,43,41,39,23.887340301974447,0,4224,17.50388908421947,0.8455261807252538,1
284,45,41,39,38.66838046272493,0,4193,17.498047341133162,0.8210949935634624,1
285,29,28,28,12.490362096919474,0,5231,18.17045890677376,0.8294957115560571,1
286,96,96,95,7.959558823529412,0,12,26.821547743088484,0.0022254143082776913,1
287,41,39,37,28.708234737340273,0,3873,17.17374265222506,0.7960276445184663,1
288,31,29,30,18.125209030100333,0,4431,19.05966709985547,0.8228919703683015,1
289,102,100,96,17.18095238095238,0,0,23.99641486618014,0.0018197452026542408,1
290,106,103,100,16.512396694214875,0,0,25.115988361770007,0.0036832493627106788,1
291,89,86,83,23.645283018867925,0,36,36.353367176793675,0.0015672133033162387,1
292,99,96,92,18.431192660550458,0,6,23.26243351549604,0.0032590665290216573,1
293,29,29,29,3.710594668489405,0,6901,17.25928581373791,0.8570221777682895,1
294,77,73,71,25.296875,0,28,26.5685486373025,0.0031435131806415023,1
295,30,30,30,7.062226543509966,0,5801,16.52502033484693,0.847525136187249,1
296,101,98,95,15.71069182389937,0,2,26.907782641137697,0.0031706678700733704,1
297,103,103,100,11.682926829268293,0,4,30.55412968599385,0.004979254022425951,1
298,30,29,29,13.38356881214024,0,5412,16.44228929523552,0.8573213923426608,1
299,30,29,29,19.28886554621849,0,4486,17.01898724358149,0.8160275780554114,1
300,48,42,40,46.010396716826264,0,2808,22.018993976746657,0.8243395505674946,1
301,35,33,33,17.15946314831665,0,4013,20.317983065703764,0.8125684877545849,1
302,39,38,37,17.077580539119,0,3320,21.970697246308806,0.860218637427291,1
303,36,34,34,20.010750761512273,0,5169,16.236010724257326,0.8468279622936155,1
304,101,99,94,18.838509316770185,0,3,24.35428517443654,0.003136145187853141,1
305,38,37,35,26.00044649501414,0,5719,17.773956499969618,0.8290231736925703,1
306,92,89,86,17.506849315068493,0,9,25.087919047988425,0.0040841352976709825,1
307,107,103,99,21.54090909090909,0,22,41.95190354136272,0.00261782472209313,1
308,95,92,90,15.095070422535212,0,7,24.605970393628063,0.0035924109882883924,1
309,87,84,81,21.509090909090908,0,54,36.19346609627824,0.002793940041601094,1
310,39,38,35,27.1027006466337,0,4836,15.95680449160515,0.8261246932217433,1
311,34,32,33,20.218083961248656,0,4296,19.63896725264281,0.8399333956086382,1
312,109,107,103,16.753246753246753,0,2,30.651587219982826,0.004347555604438625,1
313,44,42,40,30.055748456790123,0,4476,18.882093662273363,0.7936560578447338,1
314,91,89,87,13.732142857142858,0,12,25.840665626101817,0.003149656645654915,1
315,32,31,31,10.891156462585034,0,5700,16.30583335638623,0.8373414514446693,1
316,104,100,96,22.359447004608295,0,5,28.452019690200736,0.003554679707992938,1
317,46,44,41,30.183724640984728,0,3544,18.50390361471133,0.8122972001126122,1
318,68,65,62,30.734806629834253,0,51,30.78450857284866,0.003572060841296544,1
319,99,99,97,8.43233082706767,0,5,27.39298967468348,0.0028582291163470456,1
320,33,32,32,21.88161933998465,0,4895,17.657314211866357,0.820388322776848,1
321,82,81,79,8.902439024390244,0,35,31.244591298740684,0.0028888408889617234,1
322,105,103,99,21.94573643410853,0,18,35.556394799038635,0.003610464305349748,1
323,88,88,85,14.023809523809524,0,24,36.59014074779312,0.005903511806838294,1
324,36,35,34,11.729113924050633,0,5120,18.34950275831008,0.8173199910266374,1
325,96,94,91,18.526132404181183,0,32,35.86414484183263,0.0032459525487413795,1
326,41,40,38,22.431145229515902,0,5778,17.410922016047408,0.8409320059825653,1
327,40,39,37,25.320962888666,0,5207,16.995514711231046,0.8289001752347686,1
328,31,30,30,12.335124347559104,0,6135,16.476704844854876,0.8273745485785167,1
329,99,96,92,19.822134387351777,0,1,23.95026926434606,0.0027318617265125783,1
330,37,35,35,16.750692520775623,0,6366,18.159020474052884,0.8344766502559688,1
331,40,39,37,20.950831657832207,0,4885,19.122420454012126,0.821797165456598,1
332,89,87,85,13.26551724137931,0,10,24.63667041489141,0.002596771223234899,1
333,39,37,35,24.725188442211056,0,5829,17.150192552585338,0.8193189144069887,1
334,41,40,39,13.454997804770965,0,5550,18.571059271173404,0.8081765514479552,1
335,98,95,91,19.62857142857143,0,7,23.26284835050697,0.003263989186057169,1
336,45,43,40,29.01235415236788,0,3724,18.751424195342672,0.7775054301186534,1
337,95,93,90,17.53035143769968,0,32,34.67275649368974,0.0022474641151647794,1
338,43,42,40,21.925128205128207,0,3955,20.888555091965614,0.8350408795039839,1
339,102,102,99,11.97212543554007,0,14,30.893895974115882,0.003012639115113298,1
340,92,90,89,11.214634146341464,0,17,28.70451982973347,0.00277979828207884,1
341,39,38,36,17.395109395109394,0,4914,17.461926433573307,0.8323072941567567,1
342,105,104,99,16.485355648535563,0,2,26.021403226678633,0.0031597953303484304,1
343,38,37,36,16.693057429899536,0,6074,18.835193913536244,0.818208066502014,1
344,38,37,36,19.99640902872777,0,4975,18.555541345429678,0.829032431696544,1
345,35,35,33,16.990333399092524,0,4667,19.864899595835187,0.8278902441712112,1
346,34,33,32,16.915049315940184,0,5853,17.91143652288262,0.8214464153079403,1
347,35,35,33,17.99917729329494,0,6775,18.274474194169102,0.8063812825743126,1
348,94,92,89,14.457364341085272,0,14,24.734900253436297,0.0016124272525544446,1
349,38,37,36,21.23540187771926,0,3974,20.487979561530135,0.8277202119525124,1
350,33,31,31,21.107628524046433,0,5635,16.504654673768517,0.844546373026157,1
351,99,98,96,13.545714285714286,0,30,34.614321089540326,0.0020011742284195217,1
352,53,51,47,25.84887326855489,0,2558,19.85171971651456,0.8148660620748333,1
353,35,34,34,11.799313402946646,0,6523,15.550370587003133,0.8289248761660359,1
354,103,101,98,14.616438356164384,0,13,30.47236642281442,0.001600698905354681,1
355,34,33,33,16.488237514152722,0,7421,16.94780514303108,0.8223487278881976,1
356,34,33,33,15.11282718257194,0,5719,17.13550704159285,0.8240623378329904,1
357,36,35,33,25.829817158931082,0,5250,18.195681986853682,0.811950125848715,1
358,41,40,38,21.514609527182575,0,5011,20.20193069250334,0.8190056195569468,1
359,45,44,42,22.503960666484566,0,3018,20.701644887034284,0.8684592708972304,1
360,113,109,104,22.019157088122604,0,12,31.65779382592834,0.0017929613325133999,1
361,81,79,78,15.884892086330936,0,43,30.335626676343583,0.0020467593765854633,1
362,32,31,31,18.721305721305722,0,5231,19.71376471957278,0.8588723861429549,1
363,104,102,99,15.379746835443038,0,24,36.54680729609489,0.002384100924713143,1
364,118,117,112,16.74418604651163,0,0,26.930908805209555,0.002124605747163445,1
365,105,105,102,9.415841584158416,0,2,27.707276875289224,0.0042278773717401965,1
366,35,35,35,2.199771254288982,0,4683,20.303480073028318,0.8066126246208559,1
367,94,94,92,10.065830721003135,0,10,26.67166361072665,0.0031151371302395614,1
368,75,76,74,20.548387096774192,0,30,33.65332533244407,0.004092605200318955,1
369,104,104,103,7.430147058823529,0,6,28.56391537534848,0.002327772291936637,1
370,92,83,81,33.242990654205606,0,12,25.914672835011626,0.005474807369848275,1
371,75,72,71,17.898936170212767,0,23,20.715005370203286,0.0043490553623107536,1
372,78,76,75,11.094890510948906,0,10,16.530079850974364,0.006998740531838503,1
373,84,84,82,9.360759493670885,0,11,24.659304066395226,0.004029393968465819,1
374,27,26,26,19.10065052403325,0,5148,17.684446758745075,0.8611399956349485,1
375,97,96,94,10.294117647058824,0,7,24.707297521351027,0.0025907575774798265,1
376,107,108,105,9.050583657587548,0,0,21.760329457674974,0.003163036117883385,1
377,31,29,29,20.519892563370824,0,5514,18.115842589855525,0.8235854121626959,1
378,83,79,76,26.60135135135135,0,12,24.073855917039758,0.007084716525565008,1
379,80,80,78,8.96031746031746,0,0,17.591484231306847,0.008389400910895278,1
380,83,83,82,8.523605150214593,0,23,26.802274435889345,0.004306906241314304,1
381,78,77,75,13.07473309608541,0,42,30.154708041895915,0.0019697082580161103,1
382,116,113,103,34.492537313432834,0,0,18.81831835513485,0.004235778494719068,1
383,102,101,98,13.112244897959183,0,1,22.012134115373794,0.002830571219787156,1
384,31,31,30,5.266655190222069,0,5374,17.508479931628358,0.8414254655428752,1
385,34,34,33,4.554509415262636,0,5560,17.816253514279005,0.8458766982353585,1
386,81,81,79,11.006802721088436,0,50,33.47784998934814,0.0025249942683064426,1
387,88,87,86,6.765342960288809,0,8,19.981690846522575,0.0020598276491804635,1
388,100,101,98,7.198412698412699,0,0,19.366427548698603,0.0018741850255486758,1
389,101,102,98,9.024691358024691,0,4,21.59802436893464,0.0018298343236087741,1
390,85,85,83,7.253012048192771,0,12,23.83162757004939,0.0036325832795684933,1
391,32,32,32,3.1808880308880307,0,4762,18.897840475872915,0.834397240052911,1
392,88,88,87,5.537313432835821,0,11,20.327208569306645,0.0024673926945470823,1
393,92,90,89,8.904411764705882,0,9,23.08930191429081,0.0033468538749842603,1
394,29,28,29,16.561339421613393,0,6119,16.920012619723693,0.849154039994002,1
395,98,98,96,8.00925925925926,0,1,20.438789885706893,0.00295851003377732,1
396,31,31,31,9.979503416097318,0,5583,17.284740958427378,0.8396139414246602,1
397,37,36,35,18.170113874041366,0,3847,18.240121481313093,0.8234539883685036,1
398,39,39,39,8.26890243902439,0,4387,18.337965225949453,0.8272727019298926,1
399,91,93,90,9.488372093023257,0,7,20.962288630269185,0.0028176315036309127,1
400,40,40,40,6.469627279936558,0,5411,21.236000800004263,0.8395192304518813,1
401,38,38,37,9.274890043982406,0,4456,18.039534051105896,0.766341652482242,1
402,31,30,30,11.36955584303579,0,4274,19.78737515039343,0.7731156180003248,1
403,74,74,72,10.0,0,52,33.57469935579344,0.0052873532233841496,1
404,92,91,90,8.583577712609971,0,1,21.972236997295067,0.0017830049252791761,1
405,88,87,85,9.986910994764397,0,32,28.546214916587076,0.0018846867109677662,1
406,89,90,90,7.2831541218638,0,31,30.49237437212389,0.003014415091542837,1
407,32,30,31,15.194289538255632,0,4143,19.338251958664728,0.8203347113656602,1
408,94,94,91,14.301075268817204,0,15,27.58285266946456,0.0028069471073757534,1
409,86,87,85,6.723926380368098,0,39,28.39019083683997,0.0017660353104561057,1
410,37,37,36,8.137510008006405,0,4282,26.101905820492632,0.8469806957478033,1
411,34,33,33,11.839936293051961,0,4716,15.66638856968717,0.8015453584362163,1
412,36,35,33,20.37999053179738,0,5793,18.68154605174223,0.8405591132381579,1
413,31,30,30,16.819254569002734,0,6441,18.186612918431535,0.8313938190894877,1
414,38,38,38,5.783190466234581,0,4293,19.53102590153028,0.809492382076628,1
415,85,84,82,8.718861209964412,0,24,26.39610621037915,0.0033598061701899154,1
416,76,76,74,7.669590643274854,0,73,31.020890485666538,0.0025476174601224842,1
417,27,25,26,17.189967982924227,0,6204,16.495395815097808,0.83867255201196,1
418,28,28,28,5.226885452824234,0,5991,15.807152675141513,0.8391804728509982,1
419,26,25,26,14.855650217006913,0,5849,16.08931040462548,0.8318754042112644,1
420,28,28,29,5.488948425987943,0,5627,15.666307785291075,0.7980810779304657,1
421,30,30,30,9.85560086351643,0,3912,17.238657856023313,0.7929646374111614,1
422,97,96,94,9.418006430868168,4,7,32.082886522469444,0.0030640119567638706,1
423,31,29,29,15.282908808088663,0,4707,17.98716268279284,0.8211530348942214,1
424,27,25,26,15.842569056092188,0,5578,14.932133482040275,0.8470080952905129,1
425,34,33,33,7.771453590192644,0,5319,17.430438728558894,0.8280673181394592,1
426,26,26,26,10.66763948497854,0,5571,15.219688105625872,0.8136886669740453,1
427,35,35,35,3.1704035874439462,0,5465,18.189514600294657,0.849049711927191,1
428,83,83,82,7.377049180327869,0,29,27.748505822529648,0.002066235983353257,1
429,28,28,29,6.663460022078537,0,6010,15.800560612933825,0.8357926426107953,1
430,25,25,25,2.9547868305264755,0,6298,14.658846070015137,0.8312302944699684,1
431,32,33,33,9.880640465793304,0,10179,18.153748513082117,0.5161808287891878,1
432,66,66,65,10.293413173652695,0,52,29.253700295180355,0.004793055090281239,1
433,77,76,73,15.741258741258742,0,56,30.992968335791698,0.002568452446332279,1
434,24,24,24,6.114304812834225,0,5685,15.795072183041075,0.8317493472713391,1
435,87,87,85,6.106007067137809,0,16,26.1765329617644,0.002133396303684558,1
436,74,74,72,8.293388429752065,0,36,23.45155893367525,0.003047391225350017,1
437,42,39,37,34.56831179834781,0,3958,20.221966035344042,0.8381140317305895,1
438,79,79,77,11.755952380952381,0,62,34.0213388211194,0.00258184207616573,1
439,75,72,68,24.487719298245615,0,63,27.951407952464304,0.002772790261135121,1
440,95,95,92,13.035031847133759,0,10,24.564089618030366,0.002436220287062136,1
441,97,96,94,8.695238095238095,0,14,29.44861836672041,0.0017900685562153428,1
442,30,30,30,1.9615950018375596,0,5100,16.848715862095936,0.8265929345896312,1
443,33,33,33,3.4637142395345077,0,5812,16.80479191892712,0.8443102073331444,1
444,28,28,28,13.196580008341444,0,6817,16.163696374306767,0.8290104862605728,1
445,34,34,33,12.397834645669292,0,4694,16.76873033631003,0.8305898552957288,1
446,28,27,27,16.42480106100796,0,7131,15.79473197042977,0.7850809162349696,1
447,27,27,28,11.538669760247487,0,4842,18.72982726664356,0.7970631516624134,1
448,33,33,34,8.430518119197364,0,6275,15.922989737713605,0.8091831949335706,1
449,35,34,33,16.50808080808081,0,3547,19.871258491263955,0.8288989834398022,1
450,32,33,32,3.85487906588824,0,4437,17.391452042575516,0.8449505688092106,1
451,28,29,28,2.550551181102362,0,5907,18.641939467872284,0.8255233865754317,1
452,27,27,27,7.24156004316325,0,6145,16.36535447262502,0.85262836459734,1
453,27,27,27,4.759546539379475,0,6384,15.436254213594962,0.8408092491394477,1
454,88,88,85,12.656370656370656,0,25,32.56668298057357,0.002348963363215518,1
455,77,77,76,7.802816901408451,0,42,26.911347806192907,0.002354459108341395,1
456,91,91,89,9.103806228373703,0,12,24.498269896193776,0.0014739579338152364,1
457,34,33,32,23.626609442060087,0,4296,17.6148751502208,0.8288277253443277,1
458,33,33,33,4.334119496855346,0,5960,17.39526121413991,0.8182672452984108,1
459,28,28,27,6.5536626916524705,0,6028,17.321516213271938,0.837722327366506,1
460,29,30,30,2.6711458948611932,0,6353,16.791522020333392,0.7987755546704162,1
461,30,30,29,7.565208825847123,0,4716,17.31799270251602,0.8366975754297877,1
462,25,25,25,5.231690716035938,0,6980,15.904091684544083,0.8375895022689951,1
463,27,27,27,7.869775162215181,0,6316,15.275864776364097,0.8460063749657489,1
464,28,28,28,4.846507806080526,0,5732,16.849220666030853,0.8385536954237162,1
465,28,28,28,3.9022607283064845,0,6982,16.720756975148632,0.8219989268858289,1
466,93,93,91,7.483660130718954,0,2,25.734233404844705,0.0020876258655784957,1
467,27,27,27,5.886267037959842,0,6504,15.15003714008289,0.8413910978547964,1
468,33,33,33,1.958365578083888,0,6062,16.445214398498095,0.8087475575039587,1
469,78,78,76,7.6838235294117645,0,16,26.669266651654002,0.007167498231602234,1
470,95,95,92,8.521452145214521,0,12,24.771152469411522,0.002119502029906231,1
471,82,83,81,8.06159420289855,0,22,24.646233330273823,0.0018978698001711036,1
472,77,76,73,13.20945945945946,0,25,28.916490015451956,0.004717833437856895,1
473,81,81,79,10.545205479452054,0,56,30.417870373448572,0.003037969946250849,1
474,72,71,69,13.83957219251337,0,43,24.751178468857663,0.0038555430954140485,1
475,71,72,71,7.340909090909091,0,37,34.93880587694032,0.004595191675115798,1
476,29,29,29,2.9686915092734387,0,5457,19.066536653267196,0.8168176819906753,1
477,62,62,62,5.869565217391305,0,37,26.528637734301533,0.004393428059099591,1
478,101,101,98,9.409722222222221,0,0,21.998131189916233,0.002283392389995506,1
479,28,28,28,3.0505926056960906,0,5371,16.147707740137985,0.8478051380799214,1
480,87,87,85,8.700996677740864,0,36,32.67171896756554,0.00366614629898616,1
481,93,93,92,5.196013289036545,0,6,23.933581565043962,0.0031349658596322417,1
482,28,28,27,5.32962962962963,0,6626,16.454141951116906,0.8178926785419721,1
483,30,30,30,2.095656761033937,0,5322,17.34806915182957,0.8314842492593394,1
484,30,30,30,5.834155798378569,0,5350,17.055774277109222,0.8513159427766477,1
485,90,90,89,5.948805460750854,0,29,31.986249433568705,0.0023226570034013795,1
486,78,77,76,12.148387096774194,0,56,34.388071916210485,0.00277400729765617,1
487,79,79,78,7.426666666666667,0,43,29.787189453782908,0.003389476258689841,1
488,34,34,34,2.7316964285714285,0,4135,19.39651217770857,0.8245136748701984,1
489,28,28,28,4.192093704245973,0,6468,16.956342626558833,0.8267825576683161,1
490,28,28,28,3.599176824441982,0,5976,16.68829042739254,0.8478073708711197,1
491,90,91,88,9.784722222222221,0,26,30.9059390939186,0.0028595324129679404,1
492,34,34,33,6.903538898014036,0,6233,17.24216645089597,0.796980715842131,1
493,79,80,78,7.5440613026819925,0,35,27.151253881492067,0.003668585564252395,1
494,29,29,29,3.884957463263728,0,4841,17.534054837373837,0.8198200615170667,1
495,39,39,37,11.334464920788879,0,5265,18.089989787923262,0.8517210401658849,1
496,36,36,35,7.308825910931174,0,5408,18.199261352141274,0.8283553459731204,1
497,97,97,95,7.104838709677419,0,9,30.353788847498812,0.0027754539563021982,1
498,39,39,38,8.736040609137056,0,4380,17.01858952602125,0.8212692715232175,1
499,85,85,83,9.966216216216216,0,17,23.989842741971326,0.002854302278792199,1
500,96,97,95,6.896,0,7,29.038498308280335,0.004556770794434789,1
501,87,87,86,7.301470588235294,0,35,33.07344685863157,0.002233155054157336,1
502,90,90,87,12.344569288389513,0,7,23.388620992153452,0.00283897934696951,1
503,34,34,34,7.421805349182764,0,4944,18.76610407881616,0.8014009187796727,1
504,32,32,32,2.9363747954173487,0,4542,18.715696644846137,0.829461346697034,1
505,33,33,32,3.9987154784842645,0,5845,17.815176206719894,0.8288036063160649,1
506,101,102,101,6.232704402515723,0,1,25.550441218843794,0.0060912631044976575,1
507,97,97,95,7.894273127753304,0,2,24.6272804038933,0.001741483296001537,1
508,38,38,37,10.13899682091134,0,5200,16.585986399511018,0.8354356887774408,1
509,35,35,34,4.1396871008939975,0,5824,17.540115807904535,0.8138650708054816,1
510,83,83,81,6.8441558441558445,0,13,25.20968565789366,0.004409612181386924,1
511,36,36,36,5.160483870967742,0,4405,19.177326423401016,0.8285418204957872,1
512,84,84,82,10.199312714776632,0,32,26.071966335221525,0.003483675777371783,1
513,33,33,33,2.9404862707148904,0,7795,16.569637186548253,0.8211531741578825,1
514,100,101,98,8.380073800738007,0,1,24.5707839566692,0.0037115759695983573,1
515,35,35,34,5.842925495557075,0,6879,14.825596258606575,0.8384001674979235,1
516,31,31,32,17.07843137254902,0,7855,17.740612995131457,0.819785257841338,1
517,36,36,37,7.98468813330331,0,3938,19.976028282914825,0.8598047374008578,1
518,93,94,91,8.880645161290323,0,38,34.38406389820854,0.0028490963261160376,1
519,37,37,36,6.8201238390092875,0,5965,16.49458362612478,0.838391247103736,1
520,35,35,35,4.308931185944363,0,5072,17.912031918777306,0.82867500076738,1
521,33,33,33,2.8828387096774195,0,7294,17.525188196881317,0.7901253511632723,1
522,103,101,98,16.774907749077492,0,1,26.859777330428855,0.0021583844110525377,1
523,42,42,40,9.32379379930288,0,4481,16.220650853811467,0.8347106832698176,1
524,33,33,33,3.9977871655602493,0,4611,18.87459152307644,0.8543708159065052,1
525,97,98,96,7.685358255451713,0,3,26.04252632290015,0.002396892553615626,1
526,101,102,99,8.31740614334471,0,9,30.675680581189248,0.0025744101351419485,1
527,101,102,100,7.479245283018868,0,7,30.890632418830712,0.0036950259980855957,1
528,89,88,86,9.594017094017094,0,9,22.78267614622272,0.002578957346475193,1
529,32,32,32,4.51659496004917,0,6010,18.492206939333503,0.8190746099565441,1
530,88,89,87,9.705521472392638,0,30,31.83859956911561,0.0024229418674286724,1
531,87,88,86,6.5667752442996745,0,28,29.136789792118932,0.0030909288597198315,1
532,98,99,98,5.71304347826087,0,0,20.11593289270143,0.0020767342194675915,1
533,101,102,100,7.091216216216216,0,4,29.604613878458583,0.002919769590110583,1
534,39,39,38,6.632930513595166,0,5246,19.018611091097412,0.8386629258474532,1
535,32,32,32,4.251965869165133,0,5569,18.129885147434262,0.8223392272936182,1
536,30,30,31,8.80372894947875,0,4669,18.12737629210938,0.8488229879398653,1
537,112,115,111,8.650717703349283,0,0,21.33743095057422,0.003297100409555206,1
538,104,104,101,13.169014084507042,0,0,26.47590184106968,0.0023395627550995167,1
539,42,42,40,13.287571583346232,0,5332,17.571576786057804,0.8364921013936557,1
540,112,111,106,16.07716049382716,0,0,30.96796445418401,0.0023310509584205915,1
541,31,31,30,5.063266545233758,0,7648,17.658735693994636,0.8508711995736673,1
542,31,31,31,3.4541429475015812,0,7424,17.354719184544948,0.813340399489343,1
543,32,32,31,4.343049971280873,0,6393,19.115357028115714,0.8284494152746611,1
544,100,100,98,10.25916230366492,0,25,33.767217028683746,0.0027057590271982353,1
545,36,36,35,5.600532454361055,0,7218,18.991967074005483,0.8242742512332588,1
546,93,94,92,9.568773234200744,0,5,22.19028766498284,0.0030559507464335252,1
547,34,34,34,5.783936820146029,0,6222,19.153098690829953,0.8318778803529606,1
548,113,114,111,10.647840531561462,0,0,24.168709788065353,0.0025635950347751915,1
549,106,107,104,11.4,0,0,25.301551119302466,0.0030734167131291176,1
550,105,107,105,8.91958041958042,0,0,24.125790260318407,0.002823336898662411,1
551,33,32,32,13.839291363492565,0,5821,18.972041550701125,0.7613966727006588,1
552,106,108,105,9.881481481481481,0,0,25.554246880072238,0.003041465026404941,1
553,106,107,104,16.939306358381504,0,4,31.446422452290925,0.0025505255468678363,1
554,36,36,36,4.119155568149617,0,6343,19.554883737420205,0.8266191579062884,1
555,38,38,37,4.598834262544349,0,6937,19.02854303446877,0.8215471670998442,1
556,43,43,41,13.453606442577032,0,4852,20.105312351376156,0.8260379185947638,1
557,42,40,37,28.542549238201413,0,6835,17.230621000401044,0.7645620014938269,0
558,49,47,43,29.937530502684236,0,4330,16.855456271450947,0.8400218884907478,0
559,112,105,99,30.535248041775457,0,0,18.503743845261823,0.0018120312412749807,0
560,126,112,104,46.338403041825096,0,0,21.013660156412406,0.0032922375189449256,0
561,115,111,104,24.562248995983936,0,0,15.02879716135095,0.0027416466270041317,0
562,120,106,93,55.3859649122807,0,0,18.907967480031154,0.003925794101495099,0
563,43,42,39,30.357441536317175,0,4718,18.95109582765799,0.8166108163918735,0
564,96,96,91,13.036496350364963,0,11,21.747105805162988,0.0017686759302313717,0
565,48,41,39,49.976943044739656,0,5631,17.62915994940837,0.8319112956161535,0
566,96,94,90,18.711309523809526,0,13,24.699813227132214,0.002054033003253803,0
567,43,42,39,22.193722482601903,0,5704,16.57121556410966,0.8368777750258946,0
568,93,91,86,17.97826086956522,0,3,16.24986508919164,0.0032845006833783124,0
569,141,128,115,47.91891891891892,0,0,19.825935148911718,0.0053367930581450975,0
570,107,105,100,19.57894736842105,0,0,18.550968669884263,0.0026795990089524963,0
571,148,135,120,48.67368421052632,0,0,13.588535986238824,0.0027975507368416894,0
572,96,94,89,19.608695652173914,0,0,17.02512570553145,0.002421122320019578,0
573,42,40,37,31.28294836956522,0,4897,18.28611967386613,0.843503014894188,0
574,88,87,81,22.035175879396984,0,8,22.30836366289393,0.00419460035623905,0
575,82,76,71,38.72121212121212,0,46,22.79395550828111,0.0019150274644131188,0
576,98,98,92,16.598684210526315,0,6,22.847783210371116,0.0018910689327092686,0
577,99,97,92,17.8,0,1,20.813559682732475,0.002520168973114713,0
578,101,99,93,20.052307692307693,0,0,15.862873927216633,0.0010156614368699078,0
579,45,44,40,33.64243736467677,0,4781,17.93530003551688,0.8349249618969918,0
580,38,37,35,21.850395024373846,0,5115,18.07361068117307,0.8196624999967534,0
581,90,89,85,15.310344827586206,0,1,17.016879229543427,0.001983665520820733,0
582,88,83,76,37.785714285714285,0,2,16.485614176403697,0.0015286418523683559,0
583,94,92,87,18.523364485981308,0,7,18.965906578096206,0.0018102376865827064,0
584,90,89,82,28.492462311557787,0,12,28.121849391023073,0.002038639060120493,0
585,112,111,105,16.41176470588235,0,0,19.15953414627877,0.0042070562852689584,0
586,121,117,108,28.497584541062803,0,0,20.500781942601986,0.003761983827462465,0
587,31,30,29,24.6553416746872,0,9478,17.065529891522374,0.8292858202124446,0
588,37,36,35,22.43231939163498,0,6839,18.220081015941588,0.8021942305282197,0
589,42,41,38,27.026904635055942,0,6237,15.790147307578563,0.8113123321982625,0
590,107,108,102,15.246478873239436,0,0,19.694760837429907,0.005536851526914749,0
591,121,120,112,19.857142857142858,0,0,17.99068661767095,0.005369404496420156,0
592,36,35,33,20.97971557711388,0,8374,15.916626800390183,0.8364533631881997,0
593,91,89,82,23.89344262295082,0,16,28.23073625020612,0.0019816081701083984,0
594,47,46,43,27.30425091545932,0,4262,17.384252968000258,0.7765886488048137,0
595,83,81,77,25.086142322097377,0,40,29.512485021644427,0.0022255907244357375,0
596,87,86,83,13.645390070921986,0,12,20.18166949766775,0.0024546359891233806,0
597,94,93,89,14.677142857142858,0,24,27.08053959007826,0.0026924731847235185,0
598,105,106,101,11.902985074626866,0,6,26.19435301922515,0.006878765554913828,0
599,45,42,39,34.55720164609053,0,4719,18.985544592132154,0.8141663644279878,0
600,116,113,106,21.60810810810811,0,0,20.618560707618798,0.004453623953140518,0
601,93,90,85,23.70940170940171,0,27,26.184346527732757,0.0021562612188231432,0
602,33,30,29,37.128136617100374,0,7369,24.835901576444254,0.7990801969807612,0
603,98,98,93,12.872781065088757,0,0,21.979647564077773,0.002017808772058194,0
604,110,108,101,22.921985815602838,0,0,21.170165543979554,0.001514386035097613,0
605,84,82,79,16.503846153846155,0,12,21.186986627806792,0.002857274736879957,0
606,105,102,96,22.617021276595743,0,0,16.12159207708858,0.00367364420037842,0
607,107,103,96,27.637404580152673,0,9,20.57299635470116,0.003985426322760177,0
608,102,102,98,11.246200607902736,0,0,18.674710197307697,0.0024888522534734464,0
609,84,85,80,15.829787234042554,0,18,24.165644702430566,0.0033147677970590908,0
610,35,34,32,26.125312109862673,0,5780,16.714394024517155,0.8221259225790303,0
611,92,90,86,18.49662162162162,0,23,24.669265683750226,0.003050758714884023,0
612,98,96,92,15.923312883435583,0,2,21.111652483902734,0.0016437797608844882,0
613,33,31,30,25.921961674230964,0,7151,16.980185050328334,0.8286614250482898,0
614,75,72,69,22.66765578635015,0,61,24.528915406255308,0.0017950657820979016,0
615,78,76,73,22.06188118811881,0,60,28.185886371028623,0.0021031929185310774,0
616,96,95,91,13.379939209726444,0,7,24.97501786680398,0.002360209550088042,0
617,33,30,29,32.36764321213707,0,7191,14.303675864604758,0.7922573486292723,0
618,84,82,79,17.83274021352313,0,30,28.03801512535351,0.0028597932491362305,0
619,51,50,46,23.22344827586207,0,3600,17.60386472454814,0.8197458487274032,0
620,43,42,39,25.119544592030362,0,3956,28.19406365614005,0.7994840012253613,0
621,74,73,69,18.325842696629213,0,41,28.47283238576149,0.003597268825642481,0
622,37,33,31,45.247208199479886,0,5926,17.09862942854981,0.8325881012257402,0
623,41,39,37,25.67337070007693,0,7792,15.727571665950357,0.792216658902899,0
624,38,37,35,17.197997461571006,0,6181,17.296494522169443,0.8322386047272371,0
625,94,93,89,12.425,0,1,18.48916912681584,0.003935899889758276,0
626,100,93,87,37.041800643086816,0,16,21.23815023593908,0.002713717850569858,0
627,87,85,81,15.736263736263735,0,16,20.62181404566387,0.001875968009392799,0
628,119,111,100,43.27272727272727,0,5,26.361295444660172,0.002279234091229621,0
629,95,95,90,16.455384615384617,0,0,17.973570603435657,0.0022105968042657126,0
630,33,32,31,22.613892845403747,0,8146,18.159484179634177,0.7729219494716527,0
631,89,88,84,16.839464882943144,0,27,29.163563558779746,0.0030578471133777957,0
632,85,78,73,41.25190839694657,0,31,27.20263897843696,0.001861984814632949,0
633,91,89,85,17.75873015873016,0,14,25.442249853372065,0.00320621741099759,0
634,45,44,40,25.0762278978389,0,3564,20.050800298685157,0.8531025225241587,0
635,39,38,35,29.99819612987865,0,5228,17.86480949449681,0.849518025229872,0
636,33,31,29,32.11799951088285,0,7436,17.018594106099098,0.8041211181528178,0
637,93,89,84,24.80821917808219,0,14,21.865898235141728,0.0024830765419791723,0
638,96,94,90,15.495081967213114,0,2,21.48253316975006,0.002261731891754589,0
639,37,37,35,14.511695501730104,0,6306,17.13291139267109,0.841771682640768,0
640,133,128,118,28.487603305785125,0,0,29.19484157644739,0.008521926121776126,0
641,40,36,34,41.66430412371134,0,6766,15.752027980293496,0.8047507187948318,0
642,87,86,82,18.265193370165747,0,18,24.89523361031819,0.004260508714380278,0
643,43,43,40,23.732872089098887,0,4604,17.311581219660923,0.8109348617990737,0
644,94,92,88,19.904,0,4,24.258852075067363,0.008577313599915044,0
645,101,98,94,17.083989501312335,0,0,19.83937017596566,0.00148587572184005,0
646,139,133,125,25.10810810810811,0,0,29.340955137915362,0.0036846529612426463,0
647,100,99,95,13.86046511627907,0,1,22.331629001940474,0.0022934423843725873,0
648,106,106,100,16.40106951871658,0,2,24.724292860250753,0.002355354388533341,0
649,103,103,99,13.175757575757576,0,0,20.34597899686028,0.002492849594453255,0
650,36,35,33,27.226430042782443,0,5649,16.821860428484737,0.8428873491273364,0
651,34,32,30,28.088185755534166,0,7658,16.71329972340881,0.830856049306315,0
652,44,43,40,29.049214659685862,0,4375,17.481861759842147,0.8005991122530732,0
653,41,40,38,17.47952151865817,0,6557,15.930045957026541,0.8353900458274092,0
654,104,98,92,28.8843537414966,0,0,16.399491170691743,0.002964212351313558,0
655,76,73,70,23.894941634241246,0,43,28.061624479518276,0.001907335871003137,0
656,92,93,88,16.472972972972972,0,6,26.733680842348846,0.004115548957870548,0
657,38,37,34,25.96557723375171,0,7078,15.400501734049827,0.8315654882584808,0
658,87,86,81,20.333333333333332,0,9,20.75183800008916,0.002125682231023006,0
659,81,80,76,19.90759075907591,0,50,32.55218990293963,0.002335847481038391,0
660,32,31,30,21.494463017133306,0,8432,17.49915143811077,0.8036232646669993,0
661,93,75,56,107.8918083462133,0,423,21.806112919987314,0.7362160668566499,0
662,115,114,107,18.833333333333332,0,1,24.6470923748731,0.003264196239643381,0
663,99,94,90,24.62258953168044,0,27,30.9567106646432,0.002016247429242936,0
664,33,32,30,20.613811838718902,0,6511,15.585625785129945,0.8424396089649248,0
665,101,101,97,12.676737160120846,0,2,21.178994603929063,0.002836236807459142,0
666,45,45,42,22.32631050915475,0,5763,19.28152613889813,0.8081294306167103,0
667,42,39,37,33.73751306165099,0,4015,21.45279955504228,0.781690758613851,0
668,41,40,38,21.163286176921766,0,5078,18.023544951418906,0.8255689355634912,0
669,89,87,82,22.926174496644297,0,19,24.968813483477103,0.003232078533909616,0
670,44,44,41,20.527034213791882,0,4303,18.43441413009966,0.831461605751419,0
671,96,94,89,20.32857142857143,0,1,21.89432896474168,0.0020325147255243203,0
672,46,45,42,25.030259623992837,0,3714,17.56485727107426,0.7978821350735831,0
673,43,41,38,30.784839650145774,0,5382,17.219872049585877,0.7894601264451453,0
674,91,91,88,12.39929328621908,0,22,28.67225646250483,0.003180964220677652,0
675,38,37,34,26.42019099590723,0,6378,17.202099389948295,0.8063531384729445,0
676,109,105,100,21.731382978723403,0,0,20.74373633965463,0.0018705576558243594,0
677,105,106,102,11.516891891891891,0,0,22.569094613734745,0.002918761309843443,0
678,102,102,98,13.02555910543131,0,0,19.45119712520672,0.0017518428415262469,0
679,42,41,39,18.147309471633797,0,6305,17.646974827273485,0.8092330683022558,0
680,37,36,34,22.280787508486082,0,6351,17.960569697061285,0.8156280096661316,0
681,49,46,41,39.233395936486254,0,4097,18.04167760054494,0.8368551466635633,0
682,102,102,98,13.198813056379821,0,4,26.26329753478605,0.0018917313000131831,0
683,40,40,38,20.74816961561928,0,5596,16.51518560511598,0.8092073080132506,0
684,39,37,35,28.948579508934312,0,6863,17.66527949526768,0.7954269874017958,0
685,44,43,40,27.854658171172723,0,4339,18.34163074756175,0.8264486414931584,0
686,84,75,64,57.166666666666664,0,15,18.660852889285515,0.0023265365466604644,0
687,89,87,84,14.607361963190185,0,3,17.18064614558343,0.0041181484491955266,0
688,96,96,91,14.897058823529411,0,14,28.131230139984524,0.002427902080136952,0
689,126,119,111,27.23661971830986,0,2,28.73055862680246,0.0025292948397010466,0
690,113,107,98,37.59154929577465,0,2,28.71196003372771,0.0022909294109371143,0
691,42,41,38,20.482497634815516,0,4844,16.780606113394658,0.8247164203503248,0
692,92,93,88,14.83445945945946,0,21,27.554964494588408,0.0025187158697554256,0
693,110,106,102,18.106060606060606,0,0,17.153919029409696,0.005351674265539015,0
694,42,41,39,17.946456920190503,0,5336,18.118334190579095,0.820458079105252,0
695,43,42,39,28.173477564102566,0,5844,18.708560844143,0.8275117027988078,0
696,46,46,42,21.522218433912943,0,5956,19.061383306993182,0.8228043872392509,0
697,41,41,38,19.604166666666668,0,5096,18.293001602689664,0.808795331651824,0
698,91,89,85,19.65573770491803,0,18,24.61244586110427,0.0022120373883400485,0
699,98,98,95,14.52364864864865,0,26,31.795948896588662,0.001995899643930538,0
700,95,94,90,15.5,0,0,20.57048458613021,0.0021718131593426227,0
701,97,95,91,16.585365853658537,0,1,24.613481841673376,0.00237227892130402,0
702,41,40,38,23.67301246815927,0,5567,18.914053635915717,0.7993369771723133,0
703,45,43,40,27.644199535962876,0,6808,20.858187727642388,0.8369241507258548,0
704,50,50,47,21.251158748551564,0,3770,16.905842375387692,0.8409953976227634,0
705,36,34,33,24.072070385623363,0,9212,19.46727870071053,0.811202447926401,0
706,46,44,41,28.06602701679081,0,5341,19.01229596323016,0.8105052759105114,0
707,98,97,93,14.733137829912023,0,0,25.630911234992443,0.0027127010105510957,0
708,108,107,103,14.162721893491124,0,9,27.760486672362294,0.0020196210805733276,0
709,91,89,86,16.21594684385382,0,4,23.236805235647367,0.0019452950822120558,0
710,107,104,99,22.480314960629922,0,12,23.808364951766077,0.002133824142804997,0
711,50,49,46,22.336105336105337,0,3991,19.450037726591656,0.8071469310546225,0
712,48,47,43,27.34908041831951,0,5093,19.202769524270188,0.8076142484877177,0
713,45,44,42,19.507833450952717,0,4953,19.072906996853423,0.8216342866599331,0
714,104,102,98,17.963483146067414,0,25,32.53028751963837,0.001658236182691751,0
715,45,44,41,23.62724997019907,0,6325,17.071905558460312,0.8134811747142019,0
716,57,55,50,29.375607385811467,0,3191,19.071485215189792,0.7791723126870482,0
717,92,92,87,16.755102040816325,0,21,31.0632351830278,0.001941759670831632,0
718,48,48,45,21.233026543950913,0,4646,16.864982710157676,0.8118594920604932,0
719,50,48,45,25.733269445775434,0,3595,19.83090673834896,0.8310192930325533,0
720,105,105,99,16.905882352941177,0,16,33.16225498528926,0.0025678742882160634,0
721,104,101,94,24.513513513513512,0,0,17.72615817685089,0.0037023659980841613,0
722,107,107,102,17.8297213622291,0,22,35.46132139271227,0.0031789436739881366,0
723,116,115,108,19.107558139534884,0,0,22.386151332868877,0.0036952336119236546,0
724,83,78,70,57.560344827586206,0,28,40.175080383600665,0.00416593388059228,0
725,43,42,39,28.500857900483545,0,5215,16.698272253134007,0.8361218440954411,0
726,117,112,105,24.728155339805824,0,0,23.48217015132019,0.006403671443590075,0
727,84,81,78,21.145374449339208,0,7,14.741889081094302,0.0022340626436574717,0
728,44,42,39,32.72882150672085,0,5362,16.15272538554198,0.85450838582276,0
729,101,100,95,16.074626865671643,0,0,19.19479293299877,0.0032859861409076964,0
730,99,95,89,25.711610486891384,0,0,13.855037707799802,0.002269576899794567,0
731,95,94,90,13.079510703363914,0,0,17.817981863840703,0.001901757228525411,0
732,96,95,92,12.693661971830986,0,0,18.845504637200563,0.0023681574640013873,0
733,38,36,35,24.36093640810622,0,5115,16.559159184361924,0.8004983455856755,0
734,91,89,85,16.482758620689655,0,0,11.80544826760292,0.00794541834621458,0
735,92,84,75,47.14798206278027,0,16,23.38706856298489,0.002203792163203442,0
736,37,33,31,42.129132460616816,0,8178,15.802938877836507,0.7933249880521374,0
737,41,40,37,25.05638357705287,0,5840,18.293766490978925,0.7439712272251796,0
738,97,97,93,12.627118644067796,0,0,18.122206369219924,0.00222350254574148,0
739,94,94,91,11.9640522875817,0,24,26.667446203203003,0.002335883717090952,0
740,79,76,71,24.008695652173913,0,26,29.543598233751986,0.0022381287150200382,0
741,90,89,85,16.82442748091603,0,13,25.944171839634738,0.006790442884889224,0
742,80,79,75,17.772357723577237,0,4,17.72569540561194,0.004979658095430417,0
743,90,89,87,10.421965317919074,0,12,26.624942577261532,0.002410407378739765,0
744,35,33,31,28.12493761437365,0,5503,16.082374737954567,0.8120395164236955,0
745,28,27,26,26.74914745600873,0,6787,16.385792500582156,0.7725485916646386,0
746,85,82,80,14.1301775147929,0,21,17.11610954160237,0.00161318199327125,0
747,76,76,74,11.758169934640524,0,23,23.18095647580106,0.003419652569906944,0
748,44,43,41,18.05055519268452,0,6208,16.86787641888136,0.8205678417364668,0
749,91,89,84,21.861635220125788,0,22,22.26436325095092,0.0029578507112929717,0
750,81,75,71,32.8141592920354,0,9,16.617433220896878,0.007960503311024963,0
751,77,76,72,17.84926470588235,0,32,22.064594526962722,0.002508830439784454,0
752,87,86,82,15.268907563025211,0,1,15.42295729588144,0.002648428096769231,0
753,104,97,89,33.20062695924765,0,0,21.201587585895084,0.002622138019678428,0
754,100,98,92,20.576335877862597,0,5,23.47772346743467,0.00390416239262942,0
755,88,86,83,15.347826086956522,0,2,17.47597784808133,0.0023772927140750188,0
756,76,76,72,22.137741046831955,0,65,28.24128623016105,0.0019001135934091941,0
757,94,93,89,15.94267515923567,0,2,19.230905102551183,0.002513820732029597,0
758,80,79,75,15.335766423357665,0,8,18.463814937289307,0.00346604491710851,0
759,153,141,126,44.691823899371066,0,0,14.391451628967957,0.0039572762064192185,0
760,44,42,39,33.40079760717846,0,5116,16.330858887864405,0.8222713966567144,0
761,36,34,33,23.72943722943723,0,5914,15.976461329170226,0.8201979287620697,0
762,96,95,91,13.276190476190477,0,14,23.906386304133232,0.0031525602609598336,0
763,86,86,83,10.32283464566929,0,11,19.283088385292313,0.0029530677656276023,0
764,91,89,86,15.191666666666666,0,0,15.118662328965613,0.00275873905319955,0
765,37,36,32,34.35761589403973,0,4411,18.364607563536214,0.8418575343913646,0
766,39,38,35,24.936461388074292,0,4492,16.892505687821668,0.8130577327778572,0
767,92,90,86,15.885521885521886,0,1,15.303783322770085,0.0015419933963084671,0
768,82,82,77,18.244274809160306,0,10,19.643966959642942,0.003708981041100218,0
769,94,91,87,18.718954248366014,0,0,15.594227483137718,0.001642409437075076,0
770,32,31,29,29.417807116406376,0,5639,16.14208788736272,0.8277449204113623,0
771,88,86,81,20.12992125984252,0,9,17.53013092110211,0.0027089895531602548,0
772,88,86,82,17.577854671280278,0,18,23.1494944058507,0.0019205635413333468,0
773,84,83,80,14.37953795379538,0,17,20.57490435225773,0.0026840446972032635,0
774,93,92,89,12.322807017543859,0,0,18.450027004328458,0.002512794184690923,0
775,32,31,29,29.756959033613445,0,7033,15.635136629140097,0.8116894556960472,0
776,30,29,27,27.83888532991672,0,5654,17.644399949054034,0.835265649897627,0
777,103,103,100,10.892,0,0,21.26051325815066,0.0030780720452222472,0
778,97,95,90,19.031347962382444,0,0,19.017240797979127,0.0021573618881381117,0
779,87,86,81,17.48414985590778,0,2,17.56186885740293,0.0015958531575263686,0
780,90,87,82,29.124242424242425,0,39,29.544342014795927,0.0016297533014858999,0
781,30,29,28,15.419828815977175,0,6511,16.392107603185647,0.8502390111382845,0
782,120,113,103,32.833787465940055,0,0,24.826081263340484,0.0017039171337604915,0
783,92,90,85,19.690721649484537,0,0,16.240305691754465,0.0015470159297448127,0
784,80,78,74,19.137931034482758,0,13,20.58404800093114,0.008788540291306476,0
785,83,76,72,38.957317073170735,0,46,26.000282961611756,0.0019040935579318114,0
786,85,84,80,15.075581395348838,0,2,17.537685414013694,0.005314257582773084,0
787,81,79,74,25.121387283236995,0,22,22.57710678860116,0.0048914046996685456,0
788,93,91,86,24.372013651877133,0,21,25.538519154053393,0.0020749124599354256,0
789,86,85,81,21.13738019169329,0,35,28.3880321671162,0.0024390883512826335,0
790,93,91,87,20.158730158730158,0,9,22.54751847918438,0.0043788142667698805,0
791,34,33,31,25.256223776223777,0,6567,16.222827266676628,0.8041973086355486,0
792,89,88,84,16.253918495297807,0,6,19.58405587070892,0.002496956731902415,0
793,89,74,56,95.11206896551724,0,3,14.04279121602048,0.0038120481337772117,0
794,39,36,32,47.313169673131696,0,6440,16.344925657296248,0.8299932254497037,0
795,94,92,88,15.656716417910447,0,5,20.428516654802102,0.0024041468219593953,0
796,40,38,34,40.09595154606312,0,5471,16.0749534233729,0.8230510578494888,0
797,43,42,38,31.12359750667854,0,4337,18.455026934359164,0.8083736218625504,0
798,114,108,102,26.929765886287626,0,2,24.55814651748061,0.0029113132868898227,0
799,106,104,100,15.07643312101911,0,0,18.237485198451758,0.006307993974247305,0
800,109,101,93,38.75346260387812,0,12,25.334147234942215,0.00247003186868164,0
801,37,36,34,24.65761300555115,0,4468,16.869151209624203,0.8213010299023513,0
802,95,93,89,15.359516616314199,0,0,16.702134323802063,0.003123199191281546,0
803,46,36,34,76.32538377192982,0,3032,19.762486748992693,0.8345535691039715,0
804,32,32,30,20.901629201897297,0,4404,18.19512942536014,0.8218126014566369,0
805,27,26,25,26.955984970477726,0,5199,17.45729435389393,0.8388061958309554,0
806,87,83,79,23.240506329113924,0,3,16.102577804102967,0.0017144152188945437,0
807,88,87,82,18.675257731958762,0,12,24.58734195514377,0.003961389901538306,0
808,69,68,65,16.801169590643276,0,25,20.554063982218967,0.004806562059105264,0
809,86,84,80,18.829351535836178,0,9,17.33939419936087,0.00226071874254392,0
810,94,93,89,13.363636363636363,0,0,20.295265935689528,0.0023890905299548395,0
811,81,80,76,20.910505836575876,0,31,24.452942633306083,0.00285878750441367,0
812,38,38,35,18.922527385299254,0,5297,17.850543974067683,0.8473976469956176,0
813,34,33,30,28.713619130941964,0,6291,15.482610803506137,0.8058953443095392,0
814,89,87,82,19.42323651452282,0,19,23.661662642851653,0.0023316471063287102,0
815,94,91,86,22.23127035830619,0,4,20.46270975272585,0.0026089285606562384,0
816,45,41,39,39.189139011371545,0,3475,19.663361625190564,0.8290994559181154,0
817,33,32,30,26.047068316299086,0,3418,16.58655448189037,0.8411466933653923,0
818,36,35,33,21.851467815782385,0,6811,15.37964733309819,0.8051227504689825,0
819,82,81,76,20.03105590062112,0,13,17.11379411465737,0.0022361242503079436,0
820,93,92,88,16.051470588235293,0,0,17.639384054146806,0.007293740636729201,0
821,85,83,80,16.169381107491855,0,20,23.48587556487553,0.002404413939119879,0
822,93,92,87,17.003424657534246,0,4,20.710469130839137,0.0023186056809518948,0
823,98,93,89,23.81578947368421,0,5,19.982883525903777,0.0013607626066725318,0
824,86,84,81,18.186746987951807,0,9,19.468001557110767,0.00405580829244051,0
825,85,84,82,11.638225255972696,0,10,19.84623238039008,0.0029389837948597076,0
826,106,105,101,13.835164835164836,0,11,28.71897705043825,0.002096965751116129,0
827,85,84,81,14.411602209944752,0,7,16.90717619113362,0.0014961753885527399,0
828,90,88,85,16.332512315270936,0,7,19.7384092858486,0.002169624894857527,0
829,30,28,26,38.70123246918827,0,6189,21.319030431989447,0.7495356299882789,0
830,34,33,31,28.167781845726548,0,7280,16.401218143790764,0.8202032713936991,0
831,30,29,28,21.305305131761443,0,5297,18.920718768952607,0.8212782894093421,0
832,38,38,36,22.203432609793033,0,4932,18.817241404636952,0.8048789495245441,0
833,90,87,83,18.62897526501767,0,4,18.43649319927317,0.003046875157952388,0
834,105,103,99,15.17013888888889,0,0,21.789341769260822,0.0024263584308249833,0
835,89,89,85,14.705705705705705,0,0,19.49481735640566,0.0020812419734725146,0
836,32,32,30,15.143700206550605,0,6227,16.359525388505478,0.8374532071497363,0
837,34,33,32,19.693928645941998,0,4311,18.275399285994045,0.8424017006972776,0
838,90,87,83,22.635593220338983,0,13,19.63105467462944,0.0018190032471538174,0
839,85,82,76,33.391891891891895,0,28,21.898136580151753,0.0012644676401075675,0
840,83,83,80,14.24126984126984,0,16,25.594658046829608,0.00212985143397658,0
841,37,37,34,23.132791728212702,0,6125,16.05525734244645,0.8263107079413776,0
842,99,99,95,14.149532710280374,0,4,25.864642400710462,0.0013861737180030408,0
843,34,34,33,12.366935483870968,0,6254,18.02080363050486,0.8213048574521333,0
844,96,92,88,21.88364779874214,0,8,19.420902982287995,0.0014308139343226763,0
845,97,96,92,17.28527607361963,0,3,25.349793657264378,0.0018850283381199695,0
846,113,110,100,31.89637305699482,0,0,18.554603092693938,0.003418114547916986,0
847,109,108,104,12.633986928104575,0,0,21.72830279175668,0.0020002937668839866,0
848,48,46,42,35.22617042775345,0,4087,16.449395800555106,0.808363712463166,0
849,95,94,90,13.954128440366972,0,1,19.441602057037194,0.00206002613519859,0
850,99,98,94,15.853503184713375,0,0,19.719200285842756,0.001543996567468638,0
851,92,91,87,16.866666666666667,0,9,22.417017110830592,0.0017184653513076676,0
852,38,37,34,30.144919332012453,0,6376,16.919372405801436,0.8180228741372314,0
853,62,61,59,16.672,0,44,29.157685504854463,0.0077984613405923725,0
854,91,91,87,15.933333333333334,0,25,27.973852384567273,0.0025313240408809147,0
855,106,106,100,16.212962962962962,0,0,18.469485432647453,0.003978330350317416,0
856,94,92,89,16.72872340425532,0,1,20.482480831033683,0.0018951077663017085,0
857,39,38,35,27.184979137691236,0,5135,19.863188890173028,0.8308823861479362,0
858,39,38,35,29.619233378561738,0,4737,18.266254138832135,0.8159599070552498,0
859,103,103,98,16.181268882175228,0,0,24.741284153330554,0.0028054678547051017,0
860,49,46,40,49.05179570474643,0,3519,18.683750674690916,0.8017313932377368,0
861,111,110,104,18.03076923076923,0,0,21.113265621573102,0.0018329875521440205,0
862,94,92,86,25.558064516129033,0,9,25.721635014212655,0.0024712376554323306,0
863,40,39,36,22.89579131370176,0,6414,17.907514526491525,0.8026581699976946,0
864,97,94,89,21.383522727272727,0,7,25.95743331306011,0.0024918914199105273,0
865,108,110,104,13.855670103092784,0,0,26.27911945342783,0.004555285805706273,0
866,43,42,38,28.17687884195915,0,4034,18.509565234198316,0.8172263039487747,0
867,143,135,123,34.3205574912892,0,0,22.831973905095616,0.0019129407060522778,0
868,41,39,36,30.49613139676938,0,6267,17.917971297642076,0.8329859973882056,0
869,44,42,38,32.96746306193021,0,4782,20.089939535033988,0.8424260309696071,0
870,36,34,32,31.68231715381563,0,6706,18.601474480329337,0.8340978071447981,0
871,114,115,110,14.153543307086615,0,0,21.468988747375963,0.003034946351681267,0
872,55,51,47,40.46355106459762,0,3335,17.859334649799177,0.8434959915069123,0
873,165,151,134,48.11971830985915,4,0,23.735595554569368,0.006843301271613349,0
874,64,61,55,36.283248730964466,0,978,16.652490730733145,0.8161388375431682,0
875,112,109,105,19.51145038167939,0,8,25.505989947116536,0.002368517793475664,0
876,112,109,105,16.169811320754718,0,0,19.89360793431197,0.0016295913448966023,0
877,44,43,40,22.37181690360881,0,5110,19.85249355640401,0.7150607206033294,0
878,53,51,48,24.768597236981932,0,2211,19.917488333751184,0.8344194796233095,0
879,53,51,46,34.66979555098367,0,4330,16.89883509356765,0.8321047703795758,0
880,48,46,42,31.368633198973985,0,5385,19.851646125462075,0.8101511510499372,0
881,45,44,42,19.54900628503482,0,4651,18.87208679454614,0.8149539488354182,0
882,51,47,45,32.533920982213125,0,4033,17.277663197285015,0.785688559450964,0
883,93,59,49,120.5659726216496,0,432,14.647016026566591,0.8055065118335928,0
884,50,48,44,35.7013726635514,0,4260,20.052599128366424,0.7958515781336492,0
885,153,142,125,47.3,0,0,14.174754195741643,0.00294250330842172,0
886,160,155,144,25.573643410852714,8,0,29.031031556277178,0.003943541243557865,0
887,51,48,43,39.578134110787175,0,4333,19.434699129636677,0.8375284445067958,0
888,88,59,50,110.74731707317073,0,848,17.07805676568934,0.836728131626522,0
889,41,40,39,19.8827626233314,0,5565,17.21302726478827,0.8375727849125725,0
890,39,38,36,24.19253306546124,0,4960,17.51967200947753,0.8317367531035867,0
891,58,53,50,38.4822695035461,0,2785,16.440445283344122,0.8478853790000005,0
892,144,138,129,25.878048780487806,0,0,24.85884966438032,0.003421461340140267,0
893,105,89,71,81.90322580645162,0,10,24.648078435275814,0.0071244596732122235,0
894,113,110,104,21.19831223628692,0,0,20.24371087379443,0.002842260095478798,0
895,114,108,101,30.83103448275862,0,1,26.264930299065032,0.0020766656151707096,0
896,131,123,114,32.90049751243781,0,3,33.89889118238915,0.002396789762622452,0
897,47,46,45,11.439379243452958,0,4651,17.189949540063886,0.8364577375585605,0
898,97,96,93,13.704545454545455,0,6,22.450356348367,0.0024295033246733337,0
899,45,43,40,26.8793544577839,0,4101,18.97906270093903,0.8276564765240803,0
900,53,47,44,44.31405601659751,0,2693,19.917181284335285,0.7839841389474251,0
901,50,48,43,33.69145812945617,0,4455,19.24821108223371,0.8552638371282966,0
902,96,92,89,22.048148148148147,0,20,27.928125465986717,0.003188008188318901,0
903,43,42,40,16.30802315963606,0,4935,16.992233901415677,0.8498571666873657,0
904,43,42,40,25.065663119647027,0,5860,18.05794287565319,0.8173033098693825,0
905,48,48,46,12.01737540009145,0,2969,18.898910750701045,0.8300293174330475,0
906,41,37,34,49.52565905096661,0,4923,20.37715643534653,0.8181300440515495,0
907,48,47,44,24.81017978052767,0,5044,16.82632951418705,0.8189028275417287,0
908,162,158,150,19.76991150442478,6,0,24.523444425566574,0.004855900602064517,0
909,42,42,41,9.36280834914611,0,4134,18.069849925332598,0.845234525361451,0
910,51,48,43,40.575,0,3240,19.652341838996563,0.8017989369301609,0
911,105,104,102,8.817694369973191,0,0,21.678836879798805,0.0018655651925872647,0
912,120,114,110,21.25,0,4,25.784394477721722,0.001448376352607526,0
913,105,102,97,19.699724517906336,0,0,21.70914122041645,0.0023903851309472835,0
914,41,41,39,16.702247191011235,0,5675,15.336900898145618,0.8396843277984257,0
915,116,116,112,9.977142857142857,0,0,20.37186214725936,0.00386485162675003,0
916,37,36,36,13.652849740932643,0,5621,16.588665192643887,0.8586032685662125,0
917,108,104,98,26.028301886792452,0,5,26.80040352843248,0.0022551443565986475,0
918,48,47,43,27.612718505123567,0,3738,18.167941082789948,0.8140744378749694,0
919,39,39,37,14.018812762171095,0,6670,17.725170839271254,0.823788676586529,0
920,48,47,43,32.11137015781922,0,3892,17.47434336005662,0.789808694081132,0
921,82,82,78,17.01271186440678,0,27,25.643578739441367,0.0029327083057099604,0
922,143,130,114,52.35036496350365,0,0,24.924253088696766,0.006775056178190467,0
923,142,128,118,42.52073732718894,0,0,20.465998641267877,0.002752244975453936,0
924,97,96,93,12.926470588235293,0,3,22.617330325557067,0.0018106253206929663,0
925,95,94,92,10.457142857142857,0,7,22.64410091221219,0.0027174860692729466,0
926,90,84,79,29.647727272727273,0,4,25.146161065306053,0.00682547309600196,0
927,72,71,69,18.71153846153846,0,35,31.506886946337776,0.005525163194333405,0
928,39,39,37,17.481522777954762,0,4888,17.615436875471698,0.8303161100261128,0
929,43,43,40,20.696674504534766,0,4475,17.433834723805283,0.8183446625951417,0
930,98,96,91,19.633928571428573,0,1,21.451690570784187,0.0017230779309828942,0
931,107,106,102,13.75,0,2,24.940578756023964,0.0014474804126969314,0
932,37,35,33,30.395702605057995,0,4464,18.361945793685603,0.8023304381565913,0
933,39,36,35,32.504624202162304,0,5977,20.770833802698228,0.8225007307433564,0
934,95,94,91,11.270440251572326,0,9,28.064775441550015,0.0017457542621798767,0
935,72,73,71,10.656565656565656,0,36,23.580810244228438,0.005086512159141415,0
936,34,34,32,22.795821896919794,0,5936,15.963275490896736,0.809480450121968,0
937,44,43,41,18.44065679100482,0,4561,19.298986331530156,0.8068117442704803,0
938,101,101,98,8.4,0,13,30.275374428736654,0.003517412078703694,0
939,95,94,90,14.95906432748538,0,16,32.45804114343391,0.002762627563095263,0
940,44,43,42,11.184489678899082,0,5179,17.638900714647324,0.7934510446030988,0
941,47,47,43,23.806818181818183,0,4059,16.408126920603383,0.8369525435774137,0
942,40,39,37,20.35309341878235,0,6538,16.40495363500693,0.8133030371075113,0
943,101,100,96,13.951219512195122,0,5,23.059403402765934,0.002227208675264338,0
944,48,48,45,18.448646385710298,0,4539,17.66239309038897,0.7439434252165089,0
945,102,101,97,11.786184210526315,0,11,27.036534607843294,0.002903308100293071,0
946,84,83,80,13.118367346938776,0,15,25.01437354399301,0.0029631581148009747,0
947,90,89,86,13.95435684647303,0,12,24.98523384103258,0.0022697659382831625,0
948,102,101,98,12.805309734513274,0,5,25.45611519428852,0.0029814274464019523,0
949,44,41,39,32.70233530846985,0,4357,18.878651127312576,0.8340990209072573,0
950,48,48,45,17.526064084170255,0,4223,16.243074600492996,0.8239099457569625,0
951,91,90,88,9.960132890365449,0,14,25.301161280758304,0.00209014598234474,0
952,149,139,130,30.35238095238095,1,0,30.012599017300094,0.0032055432981977837,0
953,38,35,34,29.97015953173419,0,7738,17.720444099544366,0.8437695300274733,0
954,56,55,51,24.021470746108427,0,3020,16.7108629938525,0.8060575252981838,0
955,50,49,46,22.990787269681743,0,3867,17.55804836815361,0.8155715108920698,0
956,173,158,143,44.78145695364238,0,0,17.90623404966334,0.0036782520136230366,0
957,46,45,43,15.8117011463961,0,5072,16.180188953713095,0.8001174633243524,0
958,83,83,80,11.523364485981308,0,10,26.11543072394382,0.0038070262908239836,0
959,95,93,90,14.697530864197532,0,1,17.14584706672206,0.0050021659498408035,0
960,48,48,46,14.72126570497906,0,3997,18.26379122853309,0.8093450110248263,0
961,95,93,89,17.260752688172044,0,7,22.59165422234043,0.0025087013139947823,0
962,42,41,40,16.71575080361243,0,4696,18.99954323955533,0.8402233405808686,0
963,94,94,92,8.006493506493506,0,20,32.709657571295956,0.0025419216081701205,0
964,95,94,91,13.138576779026216,0,8,26.010124200011017,0.001917654538554555,0
965,63,62,57,25.156524371783227,0,1261,17.65594949338789,0.8493382778117421,0
966,124,115,104,42.57632398753894,0,0,21.396771670258616,0.0028473138650937668,0
967,98,97,94,10.424124513618677,0,8,24.823978734496865,0.001994571810651737,0
968,37,36,36,9.579512893982807,0,6246,15.67243549999038,0.8392954749598572,0
969,109,104,97,30.675241157556272,0,4,26.740311154714423,0.0030906521509529465,0
970,101,99,97,12.653005464480874,0,1,26.359230108528585,0.0026271706970683716,0
971,97,96,92,14.735562310030396,0,2,22.943160109683888,0.001480154079552686,0
972,94,93,92,8.528846153846153,0,18,26.398565217869894,0.0029808299320666686,0
973,38,36,34,33.78789753743349,0,6389,24.134792957093694,0.7409963152344221,0
974,100,94,88,34.37919463087248,0,28,32.40193476915891,0.00285845653065583,0
975,78,61,53,85.24457449402584,0,1125,26.317473457290962,0.7932536637012392,0
976,59,58,53,25.75133733182039,0,1694,16.926933009620182,0.8348781517717629,0
977,45,44,41,22.69322873658134,0,5032,18.56082737674727,0.7924032168587147,0
978,100,99,95,13.481675392670157,0,2,24.632472534452347,0.0019308611054759221,0
979,51,50,48,17.312545747328357,0,3875,18.503242084813817,0.8278868948789713,0
980,61,49,44,73.40345297592003,0,2125,21.687019157760123,0.8256259433994315,0
981,47,46,43,21.617086802783163,0,5959,16.75188028223324,0.8150085045017557,0
982,50,50,47,16.342678713792186,0,4304,20.96282333080005,0.7754883171220842,0
983,45,44,42,16.633543165467625,0,4705,17.9635240775272,0.8453472500057868,0
984,45,42,39,33.1588906543406,0,5480,15.06781302354372,0.8171816614345192,0
985,98,98,96,10.855018587360595,0,11,26.197366537794743,0.001293208292509251,0
986,50,49,45,28.266068364788175,0,4081,15.363941597993414,0.7988264256936362,0
987,87,85,82,16.420911528150135,0,25,23.39233733810953,0.0016011620093317237,0
988,97,94,89,25.42,0,6,27.060307955872688,0.0033478212591084326,0
989,43,42,41,15.451518119490695,0,6331,17.6849132766515,0.8300748094443943,0
990,91,89,86,17.39144736842105,0,22,27.735985198175943,0.002516721372686044,0
991,102,99,95,23.1875,0,13,30.171447542523122,0.00135382538782859,0
992,43,42,40,21.328631284916202,0,5579,18.015047261191008,0.7975372560976688,0
993,91,89,85,15.198347107438016,0,4,19.70840293115041,0.005994169800144603,0
994,99,97,93,20.628865979381445,0,16,33.679337879161814,0.002585562441607508,0
995,152,140,126,44.228155339805824,3,0,26.30746630684376,0.003245772144391682,0
996,109,108,106,7.837037037037037,0,5,27.198658483822616,0.004826993808147334,0
997,85,82,80,18.434540389972145,0,45,29.90599819001356,0.0017556189284766931,0
998,98,93,88,30.380053908355794,0,28,28.562344077806056,0.0018630963534455448,0
999,112,112,110,7.900900900900901,0,12,31.60121629155023,0.0026189912546439368,0
1000,51,49,46,27.399498986043184,0,4772,16.195999564273514,0.7895279843552802,0
1001,113,110,106,19.15,0,3,28.864034037838508,0.0027294806196379905,0
1002,160,146,129,50.396039603960396,0,0,21.27196789153814,0.0039165257049750945,0
1003,44,42,40,25.783205949184055,0,6808,20.384304713432282,0.8103183253692103,0
1004,56,52,50,28.253383786930577,0,3280,18.843111408348722,0.8261342944390768,0
1005,47,45,42,23.934280639431616,0,5168,18.821546096010156,0.7935484094073579,0
1006,105,102,98,18.667638483965014,0,0,25.595384319423207,0.0016245745754543152,0
1007,58,55,50,38.341835489382476,0,2855,16.390101716526,0.8163682691079979,0
1008,53,50,46,32.997653369091516,0,4855,18.607646325135565,0.8210046631096687,0
1009,52,50,46,29.836418288245532,0,3524,21.154429362884013,0.8501716045449456,0
1010,43,41,39,25.624780658997857,0,7407,20.762962104650963,0.8147092856318555,0
1011,98,97,95,10.419254658385093,0,5,25.260536057616353,0.002974763839830667,0
1012,112,109,104,18.473684210526315,0,0,20.258797198351694,0.005326218103443773,0
1013,57,56,52,25.325699185201497,0,2038,22.01664593454695,0.8440069310248689,0
1014,50,49,46,21.87264150943396,0,3978,18.589469980143505,0.858846966033623,0
1015,57,55,52,23.284943947779198,0,2851,18.96196181485024,0.81326894401489,0
1016,110,108,103,19.47846889952153,0,5,29.658972208235586,0.003157985622855811,0
1017,56,53,48,34.8422649140546,0,2329,20.1303513786819,0.8361668913727305,0
1018,56,54,49,34.951434619002825,0,3806,18.922468684348157,0.8124167443671922,0
1019,111,109,106,12.255014326647565,0,0,26.02086110729397,0.0027021371524204607,0
1020,105,104,101,12.543478260869565,0,3,25.040039392517496,0.0036973139077055785,0
1021,166,156,141,38.780590717299575,15,0,26.910849261447865,0.002421758822508784,0
1022,47,41,37,53.96824019437695,0,4586,19.026181270303226,0.762698214782171,0
1023,121,106,85,76.70348837209302,0,2,18.60674679331115,0.007399044696635283,0
1024,150,143,135,23.333333333333332,58,13,51.24138512717598,0.0025393617425103054,0
1025,50,48,45,25.723007933770266,0,3371,21.790792341092,0.8256467963094974,0
1026,56,54,49,35.74823053589484,0,3915,19.88518370946716,0.7992339764778716,0
1027,49,47,44,27.55032218471924,0,4348,19.2915848056759,0.8425267128152311,0
1028,53,51,48,25.122965863208126,0,4146,19.530191646558432,0.8561281700273504,0
1029,95,92,88,19.786206896551725,0,0,15.567895865802356,0.0051434598330050265,0
1030,122,118,112,20.451882845188283,0,4,24.751679679568458,0.003331259770918858,0
1031,124,121,116,17.994152046783626,0,0,27.20543134526862,0.00300348476354361,0
1032,118,115,109,18.967871485943775,0,0,25.14111717826803,0.0016012264794484552,0
1033,120,118,113,16.335504885993487,0,9,32.25345058505681,0.003366772667787725,0
1034,58,55,51,32.68795315114333,2,3041,18.543104015897175,0.8522537796895369,0
